old_url,new_url,how
https://www.drrepole.com/home/,https://www.drrepole.com/,301 at Cloudflare
https://www.drrepole.com/site-map/,https://www.drrepole.com/,301 at Cloudflare
https://www.drrepole.com/testimonials/,https://www.drrepole.com/testimonials,"same slug in Kajabi, no redirect needed"
https://www.drrepole.com/chiropractic-topics/,https://www.drrepole.com/blog,"301 at Cloudflare (ChiroMatrix library, incl. ?a_id, ?a_page, ?a_category)"
https://www.drrepole.com/chiropractic-topics/article/,https://www.drrepole.com/blog,301 at Cloudflare
https://www.drrepole.com/blog/,https://www.drrepole.com/blog,same path: Kajabi blog takes over
https://www.drrepole.com/patient-center/,https://www.drrepole.com/patient-center,"same slug in Kajabi, no redirect needed"
https://www.drrepole.com/welcome-and-next-steps/,https://www.drrepole.com/welcome-and-next-steps,"same slug in Kajabi, no redirect needed"
https://www.drrepole.com/online-forms/,https://www.drrepole.com/online-forms,"same slug in Kajabi, no redirect needed"
https://www.drrepole.com/payment-options/,https://www.drrepole.com/payment-options,"same slug in Kajabi, no redirect needed"
https://www.drrepole.com/patient-portal-and-connections/,https://www.drrepole.com/patient-portal-and-connections,"same slug in Kajabi, no redirect needed"
https://www.drrepole.com/contact-us/,https://www.drrepole.com/contact-us,"same slug in Kajabi, no redirect needed"
https://www.drrepole.com/services/,https://www.drrepole.com/services,"same slug in Kajabi, no redirect needed"
https://www.drrepole.com/functional-medicine/,https://www.drrepole.com/functional-medicine,"same slug in Kajabi, no redirect needed"
https://www.drrepole.com/advanced-bio-hacks/,https://www.drrepole.com/advanced-bio-hacks,"same slug in Kajabi, no redirect needed"
https://www.drrepole.com/chiropractic-and-physical-therapy/,https://www.drrepole.com/chiropractic-and-physical-therapy,"same slug in Kajabi, no redirect needed"
https://www.drrepole.com/energy-medicine-hypnosis-and-ao-scan/,https://www.drrepole.com/energy-medicine-hypnosis-and-ao-scan,"same slug in Kajabi, no redirect needed"
https://www.drrepole.com/nutritional-counseling/,https://www.drrepole.com/nutritional-counseling,"same slug in Kajabi, no redirect needed"
https://www.drrepole.com/mental-health-counseling/,https://www.drrepole.com/mental-health-counseling,"same slug in Kajabi, no redirect needed"
https://www.drrepole.com/detoxification/,https://www.drrepole.com/detoxification,"same slug in Kajabi, no redirect needed"
https://www.drrepole.com/massage/,https://www.drrepole.com/massage,"same slug in Kajabi, no redirect needed"
https://www.drrepole.com/postural-correction/,https://www.drrepole.com/postural-correction,"same slug in Kajabi, no redirect needed"
https://www.drrepole.com/weight-loss-and-hormones/,https://www.drrepole.com/weight-loss-and-hormones,"same slug in Kajabi, no redirect needed"
https://www.drrepole.com/peptides-ozone-plant-stem-cells-chelation/,https://www.drrepole.com/peptides-ozone-plant-stem-cells-chelation,"same slug in Kajabi, no redirect needed"
https://www.drrepole.com/about-us/,https://www.drrepole.com/about-us,"same slug in Kajabi, no redirect needed"
https://www.drrepole.com/meet-the-team/,https://www.drrepole.com/meet-the-team,"same slug in Kajabi, no redirect needed"
https://www.drrepole.com/mission-statement/,https://www.drrepole.com/mission-statement,"same slug in Kajabi, no redirect needed"
https://www.drrepole.com/our-philosophy-and-tenets/,https://www.drrepole.com/our-philosophy-and-tenets,"same slug in Kajabi, no redirect needed"
https://www.drrepole.com/events/,https://www.drrepole.com/events,"same slug in Kajabi, no redirect needed"
https://www.drrepole.com/videos-and-webinars/,https://www.drrepole.com/videos-and-webinars,"same slug in Kajabi, no redirect needed"
https://www.drrepole.com/3d-spine-stimulator/,https://www.drrepole.com/3d-spine-stimulator,"same slug in Kajabi, no redirect needed"
https://www.drrepole.com/store/,https://www.drrepole.com/store,same path: Kajabi's own /store takes over
https://www.drrepole.com/dr-repole-s-book/,https://www.drrepole.com/illness-to-wellness,301 at Cloudflare to the Kajabi book page
https://www.drrepole.com/supplement-store/,https://www.drrepole.com/supplement-store,"same slug in Kajabi, no redirect needed"
https://www.drrepole.com/coaching-school/,https://www.drrepole.com/coaching-school,"same slug in Kajabi, no redirect needed"
https://www.drrepole.com/learn/,https://www.drrepole.com/learn,"same slug in Kajabi, no redirect needed"
https://www.drrepole.com/dr-jon-repole/,https://www.drrepole.com/dr-jon-repole,"same slug in Kajabi, no redirect needed"
https://www.drrepole.com/heather-r-fisse/,https://www.drrepole.com/heather-r-fisse,"same slug in Kajabi, no redirect needed"
https://www.drrepole.com/nicole-barry/,https://www.drrepole.com/nicole-barry,"same slug in Kajabi, no redirect needed"
https://www.drrepole.com/amanda-johns/,https://www.drrepole.com/amanda-johns,"same slug in Kajabi, no redirect needed"
https://www.drrepole.com/sean-ivan/,https://www.drrepole.com/sean-ivan,"same slug in Kajabi, no redirect needed"
https://www.drrepole.com/keri-anne-baker/,https://www.drrepole.com/keri-anne-baker,"same slug in Kajabi, no redirect needed"
https://www.drrepole.com/susanne-morrone/,https://www.drrepole.com/susanne-morrone,"same slug in Kajabi, no redirect needed"
https://www.drrepole.com/blog/post/{slug}/,https://www.drrepole.com/blog/{slug},one wildcard 301 at Cloudflare for every post; drop this placeholder from the sitemap
https://www.drrepole.com/page/{page}/,https://www.drrepole.com/blog,"301 at Cloudflare; placeholder, drop from the sitemap"
https://www.drrepole.com/carissa-mccollum/,https://www.drrepole.com/carissa-mccollum,"same slug in Kajabi, no redirect needed"
https://www.itowecoach.com/,https://www.drrepole.com/coaching-school,"301 at Cloudflare, rule 1 (before rule 2)"
https://www.itowecoach.com/*,https://www.drrepole.com/*,"301 at Cloudflare, rule 2: same path, covers 53 posts, 44 tag pages, 55 pages, every ad and email link"
